theta,c,C_AB,C_AC,C_BC,three_tangle,S_fixed,S_twirl,D_C
0.0,1.0,0.9999999999999994,0.0,0.0,6.661338147750939e-16,2.8284271247461894,2.8284271247461903,0.0
0.02617993877991494,0.9996573249755573,0.9996573249757374,0.0,0.0,0.0006852326223522054,2.8279425506026716,2.8279425090791364,0.02617694830787315
0.05235987755982988,0.9986295347545738,0.9986295347545877,0.0,0.0,0.0027390523158352664,2.826489658699735,2.8264889942093467,0.05233595624294383
0.07853981633974483,0.996917333733128,0.9969173337331183,0.0,0.0,0.006155829702449989,2.824070941246036,2.824067576303309,0.07845909572784494
0.10471975511965977,0.9945218953682733,0.9945218953682711,0.0,0.0,0.010926199633101263,2.8206905540075833,2.8206799148799027,0.10452846326765346
0.1308996938995747,0.9914448613738104,0.9914448613738133,0.0,0.0,0.017037086855459793,2.8163543194310856,2.81632833167305,0.13052619222005157
0.15707963267948966,0.9876883405951378,0.9876883405951389,0.0,0.0,0.024471741852420736,2.811069731008163,2.8110158090405153,0.15643446504023087
0.18325957145940458,0.9832549075639546,0.9832549075639558,0.0,0.0,0.033209786751395964,2.8048459588708967,2.804745987919943,0.18223552549214744
0.20943951023931953,0.9781476007338057,0.978147600733805,0.0,0.0,0.04322727117870051,2.7976938566049716,2.7975231653335455,0.20791169081775931
0.23561944901923448,0.9723699203976766,0.9723699203976757,0.0,0.0,0.05449673790581766,2.7896259692612437,2.7893522914431355,0.2334453638559054
0.2617993877991494,0.9659258262890683,0.9659258262890679,0.0,0.0,0.06698729810778126,2.7806565425397065,2.780238966157533,0.25881904510252074
0.28797932657906433,0.958819734868193,0.958819734868194,0.0,0.0,0.08066471602728564,2.770801533111104,2.770189435294668,0.2840153447039226
0.3141592653589793,0.9510565162951535,0.9510565162951533,0.0,0.0,0.09549150281252639,2.7600786200305767,2.7592105863010095,0.3090169943749474
0.34033920413889424,0.9426414910921784,0.9426414910921774,0.0,0.0,0.1114270192715161,2.7485072171842555,2.7473099435312505,0.3338068592337709
0.36651914291880916,0.9335804264972017,0.9335804264972019,0.0,0.0,0.1284275872613022,2.7361084866932424,2.7344956630914954,0.3583679495453002
0.39269908169872414,0.9238795325112867,0.9238795325112863,0.0,0.0,0.14644660940672638,2.7229053531794105,2.720776527249471,0.3826834323650898
0.41887902047863906,0.9135454576426009,0.9135454576426004,0.0,0.0,0.16543469682057133,2.708922518773417,2.706161938415596,0.40673664307580015
0.445058959258554,0.9025852843498606,0.9025852843498596,0.0,0.0,0.18533980447508258,2.6941864787166594,2.690661912699044,0.4305110968082951
0.47123889803846897,0.8910065241883679,0.8910065241883677,0.0,0.0,0.20610737385376354,2.6787255373749925,2.674287073043196,0.45399049973954675
0.4974188368183839,0.8788171126619654,0.8788171126619654,0.0,0.0,0.22768048249248574,2.662569824442178,2.657048641945209,0.47715876025960835
0.5235987755982988,0.8660254037844387,0.8660254037844379,0.0,0.0,0.2500000000000008,2.64575131106459,2.638958433764684,0.49999999999999994
0.5497787143782138,0.8526401643540923,0.8526401643540923,0.0,0.0,0.2730047501302263,2.6283038255649007,2.6200288466266763,0.5224985647159488
0.5759586531581287,0.838670567945424,0.8386705679454237,0.0,0.0,0.2966316784620997,2.610263068380579,2.6002728539246593,0.544639035015027
0.6021385919380436,0.8241261886220157,0.824126188622015,0.0,0.0,0.32081602522735064,2.5916666257623873,2.579703995429197,0.5664062369248328
0.6283185307179586,0.8090169943749475,0.8090169943749476,0.0,0.0,0.34549150281252583,2.5725539816979337,2.5583363680084634,0.5877852522924731
0.6544984694978735,0.7933533402912353,0.793353340291235,0.0,0.0,0.3705904774487395,2.5529665274352973,2.5361846159669565,0.6087614290087205
0.6806784082777885,0.7771459614569709,0.7771459614569709,0.0,0.0,0.39604415459111986,2.532947567881245,2.5132639210090213,0.6293203910498374
0.7068583470577035,0.7604059656000309,0.7604059656000307,0.0,0.0,0.4217827674798845,2.5125423240376388,2.4895899918340674,0.6494480483301837
0.7330382858376183,0.7431448254773944,0.7431448254773945,0.0,0.0,0.4477357683661727,2.4917979305183042,2.465179053370612,0.6691306063588581
0.7592182246175333,0.7253743710122876,0.7253743710122871,0.0,0.0,0.47383202187852824,2.470763427057695,2.4400478356565247,0.6883545756937539
0.7853981633974483,0.7071067811865476,0.7071067811865475,0.0,0.0,0.4999999999999999,2.449489742783178,2.4142135623730945,0.7071067811865476
0.8115781021773631,0.688354575693754,0.6883545756937539,0.0,0.0,0.5261679781214716,2.4280296718767893,2.387693939040779,0.7253743710122875
0.8377580409572781,0.6691306063588582,0.669130606358858,0.0,0.0,0.5522642316338263,2.4064378391025794,2.360507140884725,0.7431448254773941
0.8639379797371931,0.6494480483301837,0.6494480483301837,0.0,0.0,0.5782172325201149,2.384770653526149,2.3326718003783773,0.7604059656000309
0.890117918517108,0.6293203910498375,0.6293203910498377,0.0,0.0,0.6039558454088789,2.363086248608899,2.3042069944737147,0.7771459614569708
0.916297857297023,0.6087614290087207,0.6087614290087203,0.0,0.0,0.6294095225512606,2.341444406727385,2.2751322315268534,0.7933533402912352
0.9424777960769379,0.5877852522924731,0.5877852522924732,0.0,0.0,0.6545084971874733,2.319906466056359,2.2454674379280015,0.8090169943749475
0.9686577348568528,0.5664062369248329,0.5664062369248327,0.0,0.0,0.6791839747726498,2.298535207672355,2.2152329444449026,0.8241261886220156
0.9948376736367678,0.5446390350150271,0.544639035015027,0.0,0.0,0.7033683215378996,2.277394720694767,2.184449472289141,0.8386705679454239
1.0210176124166828,0.5224985647159489,0.5224985647159488,0.0,0.0,0.726995249869773,2.2565502432963696,2.153138118914866,0.8526401643540922
1.0471975511965976,0.5000000000000001,0.5,0.0,0.0,0.7499999999999998,2.2360679774997894,2.1213203435596424,0.8660254037844386
1.0733774899765125,0.47715876025960857,0.4771587602596087,0.0,0.0,0.772319517507513,2.2160148758458154,2.0890179525373656,0.8788171126619653
1.0995574287564276,0.45399049973954686,0.45399049973954675,0.0,0.0,0.7938926261462363,2.196458398289176,2.056253084293301,0.8910065241883678
1.1257373675363425,0.43051109680829525,0.4305110968082951,0.0,0.0,0.8146601955249185,2.1774662380621024,2.023048194231502,0.9025852843498605
1.1519173063162573,0.4067366430758004,0.4067366430758003,0.0,0.0,0.8345653031794288,2.1591060157579762,1.9894260393249967,0.9135454576426009
1.1780972450961724,0.38268343236508984,0.3826834323650898,0.0,0.0,0.8535533905932733,2.1414449415352483,1.9554096625192912,0.9238795325112867
1.2042771838760873,0.3583679495453004,0.35836794954530016,0.0,0.0,0.871572412738697,2.124549446128569,1.9210223769398957,0.9335804264972017
1.2304571226560022,0.3338068592337711,0.3338068592337709,0.0,0.0,0.888572980728485,2.10848478227519,1.8862877499146606,0.9426414910921783
1.2566370614359172,0.30901699437494745,0.30901699437494723,0.0,0.0,0.9045084971874734,2.0933145992062694,1.8512295868219155,0.9510565162951535
1.2828170002158321,0.28401534470392276,0.28401534470392253,0.0,0.0,0.9193352839727118,2.079100493989925,1.815871914775452,0.958819734868193
1.308996938995747,0.25881904510252096,0.2588190451025207,0.0,0.0,0.933012701892219,2.0659015447090217,1.7802389661575337,0.9659258262890682
1.335176877775662,0.23344536385590547,0.23344536385590525,0.0,0.0,0.9455032620941838,2.0537738316628884,1.7443551620112387,0.9723699203976766
1.361356816555577,0.20791169081775945,0.20791169081775934,0.0,0.0,0.9567727288212998,2.042769953938719,1.7082450953034916,0.9781476007338056
1.3875367553354918,0.18223552549214767,0.18223552549214744,0.0,0.0,0.9667902132486005,2.032938549736709,1.6719335140702773,0.9832549075639545
1.413716694115407,0.15643446504023092,0.15643446504023095,0.0,0.0,0.9755282581475765,2.0243238296798496,1.6354453044555692,0.9876883405951378
1.4398966328953218,0.1305261922200517,0.13052619222005174,0.0,0.0,0.9829629131445337,2.016965132921703,1.5988054736556094,0.9914448613738104
1.4660765716752366,0.10452846326765368,0.10452846326765375,0.0,0.0,0.9890738003669025,2.0108965161172234,1.562039132780229,0.9945218953682733
1.4922565104551517,0.078459095727845,0.07845909572784499,0.0,0.0,0.9938441702975684,2.0061463851897057,1.5251714796429419,0.996917333733128
1.5184364492350666,0.052335956242943966,0.052335956242944015,0.0,0.0,0.9972609476841362,2.0027371792782627,1.488227781491631,0.9986295347545738
1.5446163880149815,0.02617694830787336,0.026176948307873427,0.0,0.0,0.9993147673772863,2.000685115276977,1.4512333576916288,0.9996573249755573
1.5707963267948966,6.123233995736766e-17,0.0,0.0,0.0,0.9999999999999996,1.9999999999999996,1.4142135623730947,1.0
