delta,E_AB,stderr_E,E_c_theory,E_singlet,E_local_branch,E_populations,E_coherence,P_pp,P_pm,P_mp,P_mm,P_A_plus,P_B_plus
-3.141592653589793,1.0,0.0,1.0,1.0,0.49624,0.5014324132874164,0.49856758671258355,0.50019,0.0,0.0,0.49981,0.50019,0.50019
-3.0543261909900767,0.99626,0.00019320989105115567,0.9961946980917455,0.9961946980917455,0.49985,0.49797277846202037,0.4982219196297252,0.49858,0.000915,0.000955,0.49955,0.499495,0.499535
-2.9670597283903604,0.98465,0.00039028436748094316,0.984807753012208,0.984807753012208,0.49278,0.4937059770348394,0.4911017759773686,0.49703,0.003745,0.00393,0.495295,0.500775,0.50096
-2.8797932657906435,0.9661,0.0005772815171127518,0.9659258262890682,0.9659258262890682,0.486,0.48246408010682235,0.48346174618224586,0.49165,0.00829,0.00866,0.4914,0.49994,0.50031
-2.792526803190927,0.93981,0.0007640587801340939,0.9396926207859083,0.9396926207859083,0.46679,0.4694532575515233,0.4702393632343851,0.484505,0.014695,0.0154,0.4854,0.4992,0.499905
-2.705260340591211,0.90583,0.0009472909033132325,0.9063077870366499,0.9063077870366499,0.45314,0.4528853000276251,0.45342248700902477,0.478645,0.023455,0.02363,0.47427,0.5021,0.502275
-2.6179938779914944,0.86616,0.0011175125377372729,0.8660254037844387,0.8660254037844387,0.43127,0.43233151675212006,0.4336938870323186,0.467555,0.033555,0.033365,0.465525,0.50111,0.50092
-2.5307274153917776,0.81931,0.00128205133263064,0.8191520442889916,0.8191520442889916,0.40729,0.4080728070508012,0.4110792372381904,0.454875,0.0452,0.045145,0.45478,0.500075,0.50002
-2.443460952792061,0.76539,0.0014390589770749494,0.7660444431189779,0.7660444431189779,0.38611,0.38301020730929203,0.38303423580968593,0.441615,0.058555,0.05875,0.44108,0.50017,0.500365
-2.356194490192345,0.70934,0.0015761293798416424,0.7071067811865475,0.7071067811865475,0.35,0.3534917527737588,0.3536150284127887,0.427055,0.07338,0.07195,0.427615,0.500435,0.499005
-2.2689280275926285,0.6443,0.0017100840768804323,0.6427876096865394,0.6427876096865394,0.32253,0.32098231150189127,0.3218052981846481,0.411215,0.08893,0.08892,0.410935,0.500145,0.500135
-2.181661564992912,0.57293,0.0018326909383472162,0.5735764363510462,0.5735764363510462,0.28706,0.2869958895469756,0.28658054680407063,0.3929,0.1061,0.107435,0.393565,0.499,0.500335
-2.0943951023931957,0.50249,0.0019332664067582617,0.5000000000000002,0.5000000000000002,0.25197,0.25041529204451496,0.2495847079554853,0.376325,0.124005,0.12475,0.37492,0.50033,0.501075
-2.007128639793479,0.41923,0.002030081534200043,0.42261826174069933,0.42261826174069933,0.21316,0.20978869995838423,0.21282956178231507,0.35392,0.144435,0.14595,0.355695,0.498355,0.49987
-1.9198621771937625,0.34392,0.0020996654895482757,0.3420201433256687,0.3420201433256687,0.17185,0.16943701818896137,0.17258312513670734,0.33666,0.164095,0.163945,0.3353,0.500755,0.500605
-1.832595714594046,0.25778,0.0021604970164293214,0.25881904510252063,0.25881904510252063,0.12812,0.12983213943269886,0.12898690566982177,0.31383,0.185465,0.185645,0.31506,0.499295,0.499475
-1.7453292519943295,0.17412,0.0022019107902001844,0.1736481776669303,0.1736481776669303,0.08992,0.08563902446270767,0.0880091532042226,0.29435,0.20561,0.20733,0.29271,0.49996,0.50168
-1.6580627893946132,0.08688,0.0022276129214924213,0.08715574274765824,0.08715574274765824,0.04392,0.043476500532201916,0.04367924221545631,0.270845,0.22911,0.22745,0.272595,0.499955,0.498295
-1.5707963267948966,-0.00316,0.002236056813231721,-6.123233995736766e-17,-6.123233995736766e-17,0.00049,-0.0011870775852592613,0.0011870775852591995,0.25153,0.251055,0.250525,0.24689,0.502585,0.502055
-1.4835298641951802,-0.0862,0.002227745003361022,-0.08715574274765814,-0.08715574274765814,-0.04127,-0.043965059866543095,-0.043190682881115036,0.22818,0.271255,0.271845,0.22872,0.499435,0.500025
-1.3962634015954636,-0.17491,0.0022015977060989137,-0.17364817766693041,-0.17364817766693041,-0.08528,-0.08652766198870468,-0.08712051567822571,0.20711,0.29245,0.295005,0.205435,0.49956,0.502115
-1.3089969389957472,-0.25558,0.002161803487368822,-0.25881904510252074,-0.25881904510252074,-0.13012,-0.12843059640965773,-0.130388448692863,0.185895,0.31386,0.31393,0.186315,0.499755,0.499825
-1.2217304763960306,-0.33972,0.002103081455388735,-0.3420201433256688,-0.3420201433256688,-0.17072,-0.1710528618676462,-0.17096728145802262,0.16647,0.33497,0.33489,0.16367,0.50144,0.50136
-1.1344640137963142,-0.42335,0.0020258020356145367,-0.42261826174069944,-0.42261826174069944,-0.21477,-0.21179517144922363,-0.21082309029147578,0.143875,0.356675,0.355,0.14445,0.50055,0.498875
-1.0471975511965979,-0.49743,0.0019397981790639975,-0.4999999999999999,-0.4999999999999999,-0.247,-0.2506197223166642,-0.2493802776833357,0.12586,0.372725,0.37599,0.125425,0.498585,0.50185
-0.9599310885968815,-0.57337,0.0018320027880710224,-0.5735764363510459,-0.5735764363510459,-0.28642,-0.2871222319091588,-0.28645420444188713,0.10622,0.39359,0.393095,0.107095,0.49981,0.499315
-0.8726646259971647,-0.64379,0.0017110441781263278,-0.6427876096865395,-0.6427876096865395,-0.32261,-0.32108925124766735,-0.32169835843887207,0.089535,0.411,0.410895,0.08857,0.500535,0.50043
-0.7853981633974483,-0.70695,0.0015814893257622702,-0.7071067811865476,-0.7071067811865476,-0.35182,-0.3541680660730192,-0.3529387151135283,0.0734,0.42616,0.427315,0.073125,0.49956,0.500715
-0.6981317007977319,-0.76655,0.0014359684841597326,-0.766044443118978,-0.766044443118978,-0.38188,-0.3835253349311926,-0.3825191081877854,0.058455,0.44109,0.442185,0.05827,0.499545,0.50064
-0.6108652381980155,-0.8201,0.0012795233292128751,-0.8191520442889917,-0.8191520442889917,-0.40841,-0.4104536604609698,-0.40869838382802176,0.045155,0.456545,0.453505,0.044795,0.5017,0.49866
-0.5235987755982987,-0.8677,0.0011115230766835208,-0.8660254037844387,-0.8660254037844387,-0.43065,-0.4324067972279965,-0.4336186065564422,0.03318,0.466845,0.467005,0.03297,0.500025,0.500185
-0.43633231299858233,-0.9079,0.0009373302246273721,-0.9063077870366499,-0.9063077870366499,-0.45179,-0.453472760529864,-0.4528350265067859,0.02312,0.4769,0.47705,0.02293,0.50002,0.50017
-0.34906585039886595,-0.93974,0.0007644891510021576,-0.9396926207859083,-0.9396926207859083,-0.47046,-0.4694989428161525,-0.47019367796975586,0.01491,0.485975,0.483895,0.01522,0.500885,0.498805
-0.2617993877991496,-0.96569,0.0005807014030463501,-0.9659258262890682,-0.9659258262890682,-0.48324,-0.48352593323879606,-0.4823998930502722,0.00894,0.49134,0.491505,0.008215,0.50028,0.500445
-0.1745329251994332,-0.98478,0.0003886409113822168,-0.984807753012208,-0.984807753012208,-0.4895,-0.4930077207473611,-0.491800032264847,0.00372,0.494235,0.498155,0.00389,0.497955,0.501875
-0.08726646259971638,-0.9959,0.00020227691415482891,-0.9961946980917455,-0.9961946980917455,-0.49822,-0.4982129451451436,-0.497981752946602,0.00105,0.50013,0.49782,0.001,0.50118,0.49887
0.0,-1.0,0.0,-1.0,-1.0,-0.49787,-0.4990578727427197,-0.5009421272572803,0.0,0.500275,0.499725,0.0,0.500275,0.499725
0.08726646259971638,-0.99635,0.00019087531925317264,-0.9961946980917455,-0.9961946980917455,-0.49759,-0.4999832168267957,-0.4962114812649499,0.000865,0.5013,0.496875,0.00096,0.502165,0.49774
0.17453292519943275,-0.98503,0.0003854601088309921,-0.9848077530122081,-0.9848077530122081,-0.49212,-0.4925386877890324,-0.49226906522317554,0.003815,0.497015,0.4955,0.00367,0.50083,0.499315
0.2617993877991496,-0.96562,0.0005812831306686956,-0.9659258262890682,-0.9659258262890682,-0.48684,-0.4841540891666594,-0.48177173712240884,0.008525,0.492975,0.489835,0.008665,0.5015,0.49836
0.34906585039886595,-0.93946,0.0007662078973751184,-0.9396926207859083,-0.9396926207859083,-0.47263,-0.4703473512967298,-0.4693452694891786,0.015375,0.48531,0.48442,0.014895,0.500685,0.499795
0.43633231299858233,-0.90515,0.0009505353162823566,-0.9063077870366499,-0.9063077870366499,-0.45116,-0.45271167490346154,-0.45359611213318846,0.023725,0.476765,0.47581,0.0237,0.50049,0.499535
0.5235987755982987,-0.86529,0.0011208773704112327,-0.8660254037844387,-0.8660254037844387,-0.43652,-0.43281563404972695,-0.43320976973471176,0.03401,0.46565,0.466995,0.033345,0.49966,0.501005
0.6108652381980151,-0.81922,0.0012823388623916848,-0.8191520442889919,-0.8191520442889919,-0.41223,-0.40853164973947403,-0.4106203945495179,0.04513,0.4559,0.45371,0.04526,0.50103,0.49884
0.6981317007977319,-0.76798,0.0014321430089205478,-0.766044443118978,-0.766044443118978,-0.37962,-0.38232306915600434,-0.38372137396297373,0.05742,0.44088,0.44311,0.05859,0.4983,0.50053
0.7853981633974483,-0.70827,0.0015785335078800197,-0.7071067811865476,-0.7071067811865476,-0.35802,-0.35312059797632234,-0.3539861832102251,0.07214,0.42705,0.427085,0.073725,0.49919,0.499225
0.8726646259971647,-0.64438,0.0017099333548416442,-0.6427876096865395,-0.6427876096865395,-0.31676,-0.32191984356601244,-0.32086776612052703,0.088885,0.413095,0.409095,0.088925,0.50198,0.49798
0.959931088596881,-0.57327,0.0018321592549502897,-0.5735764363510463,-0.5735764363510463,-0.29,-0.28518452659857624,-0.28839190975247003,0.10624,0.394645,0.39199,0.107125,0.500885,0.49823
1.0471975511965974,-0.50048,0.0019358715990478294,-0.5000000000000003,-0.5000000000000003,-0.24576,-0.2509948803190664,-0.2490051196809339,0.12468,0.37534,0.3749,0.12508,0.50002,0.49958
1.1344640137963138,-0.42321,0.00202594829141812,-0.42261826174069983,-0.42261826174069983,-0.21198,-0.21156776702289762,-0.2110504947178022,0.14437,0.35511,0.356495,0.144025,0.49948,0.500865
1.2217304763960302,-0.34172,0.0021014607319671716,-0.34202014332566927,-0.34202014332566927,-0.16731,-0.16978034493981778,-0.17223979838585146,0.16484,0.334605,0.336255,0.1643,0.499445,0.501095
1.3089969389957474,-0.26043,0.0021589073800188834,-0.2588190451025205,-0.2588190451025205,-0.12963,-0.12857401744815644,-0.1302450276543641,0.184235,0.31559,0.314625,0.18555,0.499825,0.49886
1.3962634015954638,-0.17498,0.0022015698939620337,-0.17364817766693022,-0.17364817766693022,-0.08488,-0.0875468695269138,-0.0861013081400164,0.20639,0.29484,0.29265,0.20612,0.50123,0.49904
1.4835298641951802,-0.08741,0.0022275092501491435,-0.08715574274765814,-0.08715574274765814,-0.04514,-0.04261029577140603,-0.044545446976252116,0.228385,0.272365,0.27134,0.22791,0.50075,0.499725
1.5707963267948966,-0.00095,0.002236066968473887,-6.123233995736766e-17,-6.123233995736766e-17,0.00157,-0.000213777454060145,0.00021377745406008338,0.25066,0.249315,0.25116,0.248865,0.499975,0.50182
1.658062789394613,0.0875,0.0022274915824756778,0.08715574274765801,0.08715574274765801,0.04438,0.041458141651390085,0.045697601096267935,0.26915,0.22889,0.22736,0.2746,0.49804,0.49651
1.7453292519943293,0.17452,0.0022017524493003295,0.17364817766693008,0.17364817766693008,0.09169,0.08602942083321975,0.08761875683371033,0.29343,0.205935,0.206805,0.29383,0.499365,0.500235
1.8325957145940457,0.25503,0.002162128232899242,0.2588190451025204,0.2588190451025204,0.13185,0.12935815587630836,0.12946088922621202,0.314795,0.18699,0.185495,0.31272,0.501785,0.50029
1.919862177193762,0.3407,0.0021022886457382583,0.34202014332566827,0.34202014332566827,0.17056,0.1717085946818718,0.1703115486437965,0.335465,0.16591,0.16374,0.334885,0.501375,0.499205
2.0071286397934784,0.42234,0.002026855846378819,0.42261826174069894,0.42261826174069894,0.2105,0.21066528146980315,0.2119529802708958,0.355485,0.14405,0.14478,0.355685,0.499535,0.500265
2.0943951023931957,0.49786,0.0019392465294541588,0.5000000000000002,0.5000000000000002,0.25113,0.25180323232064517,0.248196767679355,0.37659,0.12515,0.12592,0.37234,0.50174,0.50251
2.181661564992912,0.57549,0.0018286761056841095,0.5735764363510462,0.5735764363510462,0.28415,0.28594703175482467,0.2876294045962215,0.393045,0.105885,0.10637,0.3947,0.49893,0.499415
2.2689280275926285,0.64232,0.0017138042735388426,0.6427876096865394,0.6427876096865394,0.32044,0.32132209257282796,0.3214655171137114,0.410645,0.089045,0.089795,0.410515,0.49969,0.50044
2.356194490192345,0.70589,0.0015838549616363235,0.7071067811865475,0.7071067811865475,0.35579,0.35452735371192606,0.3525794274746214,0.42566,0.0735,0.073555,0.427285,0.49916,0.499215
2.443460952792061,0.76954,0.0014279499087853187,0.7660444431189779,0.7660444431189779,0.38127,0.3829527210432908,0.38309172207568715,0.44258,0.057195,0.058035,0.44219,0.499775,0.500615
2.5307274153917776,0.81736,0.0012882597377858241,0.8191520442889916,0.8191520442889916,0.40822,0.40928027056940613,0.4098717737195855,0.45401,0.04513,0.04619,0.45467,0.49914,0.5002
2.617993877991494,0.86715,0.0011136670900677634,0.8660254037844385,0.8660254037844385,0.43276,0.43315609662285715,0.43286930716158123,0.46756,0.03321,0.033215,0.466015,0.50077,0.500775
2.7052603405912103,0.90758,0.0009388784362205787,0.9063077870366497,0.9063077870366497,0.4555,0.45326994207920607,0.45303784495744376,0.47754,0.02342,0.02279,0.47625,0.50096,0.50033
2.7925268031909267,0.93975,0.0007644276862463842,0.9396926207859082,0.9396926207859082,0.46998,0.46940166779488746,0.4702909529910207,0.48551,0.014735,0.01539,0.484365,0.500245,0.5009
2.879793265790644,0.96524,0.0005844302456238899,0.9659258262890683,0.9659258262890683,0.48625,0.4827179193942307,0.48320790689483767,0.49067,0.00885,0.00853,0.49195,0.49952,0.4992
2.9670597283903604,0.98458,0.00039116635591522934,0.984807753012208,0.984807753012208,0.49005,0.49238996737976326,0.4924177856324448,0.49641,0.003955,0.003755,0.49588,0.500365,0.500165
3.0543261909900767,0.99607,0.00019804740720342603,0.9961946980917455,0.9961946980917455,0.49634,0.4985846655707712,0.49761003252097435,0.498285,0.000985,0.00098,0.49975,0.49927,0.499265
3.141592653589793,1.0,0.0,1.0,1.0,0.50127,0.499999998579088,0.500000001420912,0.500025,0.0,0.0,0.499975,0.500025,0.500025
